issue_date,target_report_date,update_id,checkpoint_id,iz_code,node_index,anchor_rate_y_t,predicted_delta,predicted_rate,predicted_variance,predicted_sigma,calibrated80_lower,calibrated80_upper,calibrated95_lower,calibrated95_upper,uncertainty_flag,alpha_geo,alpha_transport,alpha_mobility,node_order_hash,forecast_status,observed_target_available,include_in_metrics,observed_rate,model_error,model_absolute_error,persistence_prediction,persistence_absolute_error
2023-02-25,2023-03-04,U10,U10,S02001576,0,50.61582588155897,-5.805332183837891,44.81049369772108,3424.0615234375,58.51548004150391,16.952491988736703,72.66849540670546,-3.2500455478843904,92.87103294332655,high,0.3181084990501404,0.3234014213085174,0.3584901392459869,8f625000ca42af45709b4e887a429c93971443f30f2fbddbe07863342ca16d34,unverified_extrapolation,False,False,,,,,
2023-02-25,2023-03-04,U10,U10,S02001577,1,16.07200257152041,8.166958808898926,24.238961380419337,2208.245849609375,46.991973876953125,1.867060821947657,46.61086193889102,-14.356974441113866,62.83489720195254,normal,0.3181084990501404,0.3234014213085174,0.3584901392459869,8f625000ca42af45709b4e887a429c93971443f30f2fbddbe07863342ca16d34,unverified_extrapolation,False,False,,,,,
2023-02-25,2023-03-04,U10,U10,S02001578,2,28.538812785388128,7.148870468139648,35.68768325352778,3190.871337890625,56.48779678344727,8.795019297839303,62.58034720921626,-10.70745834803472,82.08282485509028,high,0.3181084990501404,0.3234014213085174,0.3584901392459869,8f625000ca42af45709b4e887a429c93971443f30f2fbddbe07863342ca16d34,unverified_extrapolation,False,False,,,,,
2023-02-25,2023-03-04,U10,U10,S02001579,3,23.16423442205235,11.65872859954834,34.822963021600685,2633.52978515625,51.31792831420898,10.391566537225684,59.254359505975685,-7.326008536016502,76.97193457921787,normal,0.3181084990501404,0.3234014213085174,0.3584901392459869,8f625000ca42af45709b4e887a429c93971443f30f2fbddbe07863342ca16d34,unverified_extrapolation,False,False,,,,,
2023-02-25,2023-03-04,U10,U10,S02001580,4,21.017234131988232,13.501188278198242,34.518422410186474,2306.23828125,48.02330780029297,11.655526444610302,57.381318375762646,-4.924578383270557,73.9614232036435,normal,0.3181084990501404,0.3234014213085174,0.3584901392459869,8f625000ca42af45709b4e887a429c93971443f30f2fbddbe07863342ca16d34,unverified_extrapolation,False,False,,,,,
2023-02-25,2023-03-04,U10,U10,S02001581,5,22.09456473707468,12.220748901367188,34.315313638441864,2507.2958984375,50.07290267944336,10.476648629896944,58.15397864698679,-6.811082540757354,75.44170981764108,normal,0.3181084990501404,0.3234014213085174,0.3584901392459869,8f625000ca42af45709b4e887a429c93971443f30f2fbddbe07863342ca16d34,unverified_extrapolation,False,False,,,,,
2023-02-25,2023-03-04,U10,U10,S02001582,6,28.04262478968032,26.46051025390625,54.50313504358657,3550.93603515625,59.58972930908203,26.133706408943013,82.87256367823012,5.56027920862563,103.4459908785475,high,0.3181084990501404,0.3234014213085174,0.3584901392459869,8f625000ca42af45709b4e887a429c93971443f30f2fbddbe07863342ca16d34,unverified_extrapolation,False,False,,,,,
2023-02-25,2023-03-04,U10,U10,S02001583,7,21.45002145002145,25.19432640075684,46.64434785077829,2991.004638671875,54.6900749206543,20.607541744210906,72.68115395734567,1.7257267875458666,91.56296891401072,normal,0.3181084990501404,0.3234014213085174,0.3584901392459869,8f625000ca42af45709b4e887a429c93971443f30f2fbddbe07863342ca16d34,unverified_extrapolation,False,False,,,,,
2023-02-25,2023-03-04,U10,U10,S02001584,8,26.1780104712042,17.42376708984375,43.601777561047946,3356.7900390625,57.93780899047852,16.018794544080173,71.18476057801573,-3.984304897448148,91.18786001954405,high,0.3181084990501404,0.3234014213085174,0.3584901392459869,8f625000ca42af45709b4e887a429c93971443f30f2fbddbe07863342ca16d34,unverified_extrapolation,False,False,,,,,
2023-02-25,2023-03-04,U10,U10,S02001585,9,31.83699458771092,15.850936889648438,47.68793147735936,2791.447021484375,52.83414840698242,22.5346950881992,72.84116786651951,4.293640553287091,91.08222240143162,normal,0.3181084990501404,0.3234014213085174,0.3584901392459869,8f625000ca42af45709b4e887a429c93971443f30f2fbddbe07863342ca16d34,unverified_extrapolation,False,False,,,,,
2023-02-25,2023-03-04,U10,U10,S02001586,10,25.542784163473826,15.48155403137207,41.024338194845896,2646.21728515625,51.44139862060547,16.534159132956248,65.51451725673554,-1.2260432748806664,83.27471966457246,normal,0.3181084990501404,0.3234014213085174,0.3584901392459869,8f625000ca42af45709b4e887a429c93971443f30f2fbddbe07863342ca16d34,unverified_extrapolation,False,False,,,,,
2023-02-25,2023-03-04,U10,U10,S02001587,11,49.66065220989903,-8.955154418945312,40.705497790953714,3017.21728515625,54.92920303344727,14.554847766539652,66.85614781536778,-4.409522960999411,85.82051854290684,normal,0.3181084990501404,0.3234014213085174,0.3584901392459869,8f625000ca42af45709b4e887a429c93971443f30f2fbddbe07863342ca16d34,unverified_extrapolation,False,False,,,,,
2023-02-25,2023-03-04,U10,U10,S02001588,12,21.753317380900587,19.039758682250977,40.79307606315156,2508.622802734375,50.08615493774414,16.948101545329294,64.63805058097383,-0.3442034473464872,81.9303555736496,normal,0.3181084990501404,0.3234014213085174,0.3584901392459869,8f625000ca42af45709b4e887a429c93971443f30f2fbddbe07863342ca16d34,unverified_extrapolation,False,False,,,,,
2023-02-25,2023-03-04,U10,U10,S02001589,13,19.12411550965768,19.552955627441406,38.67707113709909,1893.953369140625,43.51957321166992,17.958309693007294,59.39583258119089,2.933125061659638,74.42101721253854,normal,0.3181084990501404,0.3234014213085174,0.3584901392459869,8f625000ca42af45709b4e887a429c93971443f30f2fbddbe07863342ca16d34,unverified_extrapolation,False,False,,,,,
2023-02-25,2023-03-04,U10,U10,S02001590,14,17.71793054571226,15.419968605041504,33.13789915075377,1550.9278564453125,39.38182067871094,14.389034023190291,51.88676427831725,0.7924134634979083,65.48338483800963,normal,0.3181084990501404,0.3234014213085174,0.3584901392459869,8f625000ca42af45709b4e887a429c93971443f30f2fbddbe07863342ca16d34,unverified_extrapolation,False,False,,,,,
2023-02-25,2023-03-04,U10,U10,S02001591,15,25.006251562890725,2.5147809982299805,27.521032561120705,1433.890869140625,37.86675262451172,9.493459929284768,45.54860519295664,-3.580081711950584,58.622146834192,normal,0.3181084990501404,0.3234014213085174,0.3584901392459869,8f625000ca42af45709b4e887a429c93971443f30f2fbddbe07863342ca16d34,unverified_extrapolation,False,False,,,,,
2023-02-25,2023-03-04,U10,U10,S02001592,16,18.570102135561743,10.619138717651367,29.18924085321311,1530.0244140625,39.11552810668945,10.567153374575415,47.8113283318508,-2.93752916631814,61.31601087274436,normal,0.3181084990501404,0.3234014213085174,0.3584901392459869,8f625000ca42af45709b4e887a429c93971443f30f2fbddbe07863342ca16d34,unverified_extrapolation,False,False,,,,,
2023-02-25,2023-03-04,U10,U10,S02001593,17,19.700551615445235,4.460741996765137,24.16129361221037,1755.1671142578125,41.89471435546875,4.216093645779708,44.10649357864104,-10.248107327731034,58.57069455215178,normal,0.3181084990501404,0.3234014213085174,0.3584901392459869,8f625000ca42af45709b4e887a429c93971443f30f2fbddbe07863342ca16d34,unverified_extrapolation,False,False,,,,,
2023-02-25,2023-03-04,U10,U10,S02001594,18,20.70822116380203,5.814963817596436,26.523184981398465,2082.121337890625,45.63026809692383,4.799565520338895,48.24680444245804,-10.954338822312472,64.0007087851094,normal,0.3181084990501404,0.3234014213085174,0.3584901392459869,8f625000ca42af45709b4e887a429c93971443f30f2fbddbe07863342ca16d34,unverified_extrapolation,False,False,,,,,
2023-02-25,2023-03-04,U10,U10,S02001595,19,23.00966405890474,5.04386568069458,28.05352973959932,1809.55126953125,42.538818359375,7.80168533347139,48.30537414572725,-6.8848934171389615,62.9919528963376,normal,0.3181084990501404,0.3234014213085174,0.3584901392459869,8f625000ca42af45709b4e887a429c93971443f30f2fbddbe07863342ca16d34,unverified_extrapolation,False,False,,,,,
2023-02-25,2023-03-04,U10,U10,S02001596,20,25.4000508001016,12.948212623596191,38.34826342369779,2333.378173828125,48.3050537109375,15.351233165519076,61.3452936818765,-1.3261445352865875,78.02267138268216,normal,0.3181084990501404,0.3234014213085174,0.3584901392459869,8f625000ca42af45709b4e887a429c93971443f30f2fbddbe07863342ca16d34,unverified_extrapolation,False,False,,,,,
2023-02-25,2023-03-04,U10,U10,S02001597,21,37.85011355034065,9.558191299438477,47.40830484977913,2986.621826171875,54.649993896484375,21.390581766283034,73.42602793327522,2.52260462394905,92.2940050756092,normal,0.3181084990501404,0.3234014213085174,0.3584901392459869,8f625000ca42af45709b4e887a429c93971443f30f2fbddbe07863342ca16d34,unverified_extrapolation,False,False,,,,,
2023-02-25,2023-03-04,U10,U10,S02001598,22,77.62468464971862,-52.06827545166016,25.55640919805846,3172.5078125,56.32501983642578,-1.258759182678844,52.371577578795765,-20.70503870843568,71.8178571045526,high,0.3181084990501404,0.3234014213085174,0.3584901392459869,8f625000ca42af45709b4e887a429c93971443f30f2fbddbe07863342ca16d34,unverified_extrapolation,False,False,,,,,
2023-02-25,2023-03-04,U10,U10,S02001599,23,17.40341106856944,14.798416137695312,32.20182720626475,2294.870361328125,47.90480422973633,9.395348705898542,55.00830570663096,-7.143841586459857,71.54749599898936,normal,0.3181084990501404,0.3234014213085174,0.3584901392459869,8f625000ca42af45709b4e887a429c93971443f30f2fbddbe07863342ca16d34,unverified_extrapolation,False,False,,,,,
2023-02-25,2023-03-04,U10,U10,S02001600,24,22.598870056497177,17.875747680664062,40.47461773716124,2862.748291015625,53.50465774536133,15.00216557346495,65.94706990085753,-3.47038195766298,84.41961743198546,normal,0.3181084990501404,0.3234014213085174,0.3584901392459869,8f625000ca42af45709b4e887a429c93971443f30f2fbddbe07863342ca16d34,unverified_extrapolation,False,False,,,,,
2023-02-25,2023-03-04,U10,U10,S02001601,25,40.46944556859571,7.474790096282959,47.94423566487867,3644.996337890625,60.373802185058594,19.20152555135328,76.68694577840407,-1.642602103676019,97.53107343343336,high,0.3181084990501404,0.3234014213085174,0.3584901392459869,8f625000ca42af45709b4e887a429c93971443f30f2fbddbe07863342ca16d34,unverified_extrapolation,False,False,,,,,
2023-02-25,2023-03-04,U10,U10,S02001602,26,16.76727028839705,32.517826080322266,49.28509636871932,3028.91064453125,55.03554153442383,23.083821496893144,75.48637124054548,4.082734308172441,94.48745842926618,normal,0.3181084990501404,0.3234014213085174,0.3584901392459869,8f625000ca42af45709b4e887a429c93971443f30f2fbddbe07863342ca16d34,unverified_extrapolation,False,False,,,,,
2023-02-25,2023-03-04,U10,U10,S02001603,27,25.87991718426501,19.98529815673828,45.86521534100329,3204.112548828125,56.60488128662109,18.916811028869503,72.81361965313708,-0.6260909639283483,92.35652164593492,high,0.3181084990501404,0.3234014213085174,0.3584901392459869,8f625000ca42af45709b4e887a429c93971443f30f2fbddbe07863342ca16d34,unverified_extrapolation,False,False,,,,,
2023-02-25,2023-03-04,U10,U10,S02001604,28,23.413720440177944,24.717103958129883,48.13082439830782,3126.266845703125,55.913028717041016,21.51179630687716,74.74985248973849,2.207755398063682,94.05389339855196,normal,0.3181084990501404,0.3234014213085174,0.3584901392459869,8f625000ca42af45709b4e887a429c93971443f30f2fbddbe07863342ca16d34,unverified_extrapolation,False,False,,,,,
2023-02-25,2023-03-04,U10,U10,S02001605,29,30.09328919650918,20.52787208557129,50.62116128208047,3571.466064453125,59.7617416381836,22.169840633887105,79.07248193027382,1.5370281338871052,99.70529443027382,high,0.3181084990501404,0.3234014213085174,0.3584901392459869,8f625000ca42af45709b4e887a429c93971443f30f2fbddbe07863342ca16d34,unverified_extrapolation,False,False,,,,,
2023-02-25,2023-03-04,U10,U10,S02001606,30,31.81673560292714,10.513455390930176,42.33019099385732,2724.60546875,52.19775390625,17.47992739827626,67.18045458943837,-0.5414101108790135,85.20179209859364,normal,0.3181084990501404,0.3234014213085174,0.3584901392459869,8f625000ca42af45709b4e887a429c93971443f30f2fbddbe07863342ca16d34,unverified_extrapolation,False,False,,,,,
2023-02-25,2023-03-04,U10,U10,S02001607,31,219.7198571820928,-168.78013610839844,50.93972107369436,5283.09912109375,72.68492889404297,16.33594223458303,85.54349991280569,-8.758616481237283,110.638058628626,high,0.3181084990501404,0.3234014213085174,0.3584901392459869,8f625000ca42af45709b4e887a429c93971443f30f2fbddbe07863342ca16d34,unverified_extrapolation,False,False,,,,,
2023-02-25,2023-03-04,U10,U10,S02001608,32,59.15992900808519,-9.659698486328123,49.50023052175707,3341.038818359375,57.801719665527344,21.98203632314867,77.01842472036546,2.0259225078410523,96.97453853567308,high,0.3181084990501404,0.3234014213085174,0.3584901392459869,8f625000ca42af45709b4e887a429c93971443f30f2fbddbe07863342ca16d34,unverified_extrapolation,False,False,,,,,
2023-02-25,2023-03-04,U10,U10,S02001609,33,13.935340022296543,10.44393825531006,24.3792782776066,1518.228515625,38.96445083618164,5.829115008563633,42.92944154664957,-7.623407269268398,56.3819638244816,normal,0.3181084990501404,0.3234014213085174,0.3584901392459869,8f625000ca42af45709b4e887a429c93971443f30f2fbddbe07863342ca16d34,unverified_extrapolation,False,False,,,,,
2023-02-25,2023-03-04,U10,U10,S02001610,34,30.32140691328078,0.8846290707588196,31.2060359840396,2073.255859375,45.53302001953125,9.528713596344286,52.883358371734914,-6.191615688323683,68.60368765640288,normal,0.3181084990501404,0.3234014213085174,0.3584901392459869,8f625000ca42af45709b4e887a429c93971443f30f2fbddbe07863342ca16d34,unverified_extrapolation,False,False,,,,,
2023-02-25,2023-03-04,U10,U10,S02001611,35,15.199878400972793,4.599775314331055,19.799653715303847,1324.0535888671875,36.38754653930664,2.4763009015831443,37.12300652902455,-10.086542421170762,49.68584985177846,normal,0.3181084990501404,0.3234014213085174,0.3584901392459869,8f625000ca42af45709b4e887a429c93971443f30f2fbddbe07863342ca16d34,unverified_extrapolation,False,False,,,,,
2023-02-25,2023-03-04,U10,U10,S02001612,36,16.866250632484398,4.297417163848877,21.163667796333275,1358.000244140625,36.85105514526367,3.6196480972365954,38.70768749542995,-9.103223683158912,51.43055927582546,normal,0.3181084990501404,0.3234014213085174,0.3584901392459869,8f625000ca42af45709b4e887a429c93971443f30f2fbddbe07863342ca16d34,unverified_extrapolation,False,False,,,,,
2023-02-25,2023-03-04,U10,U10,S02001613,37,20.53809817210926,4.883732318878174,25.42183049098744,1279.413330078125,35.76888656616211,8.393008545797006,42.45065243617786,-3.9562422476600254,54.79990322963489,normal,0.3181084990501404,0.3234014213085174,0.3584901392459869,8f625000ca42af45709b4e887a429c93971443f30f2fbddbe07863342ca16d34,unverified_extrapolation,False,False,,,,,
2023-02-25,2023-03-04,U10,U10,S02001614,38,66.38636866563398,-33.63950729370117,32.74686137193281,1670.7706298828125,40.87506103515625,13.287096891341989,52.20662585252363,-0.825068559707816,66.31879130357343,normal,0.3181084990501404,0.3234014213085174,0.3584901392459869,8f625000ca42af45709b4e887a429c93971443f30f2fbddbe07863342ca16d34,unverified_extrapolation,False,False,,,,,
2023-02-25,2023-03-04,U10,U10,S02001615,39,16.608536787908985,7.151525497436523,23.76006228534551,1619.7496337890625,40.24611282348633,4.599726744574024,42.920397826117,-9.295292786675976,56.815417357367,normal,0.3181084990501404,0.3234014213085174,0.3584901392459869,8f625000ca42af45709b4e887a429c93971443f30f2fbddbe07863342ca16d34,unverified_extrapolation,False,False,,,,,
2023-02-25,2023-03-04,U10,U10,S02001616,40,19.41370607649,8.124622344970703,27.538328421460704,1521.119873046875,39.00153350830078,8.970510733472423,46.106146109448986,-4.4948136683830455,59.57147051130445,normal,0.3181084990501404,0.3234014213085174,0.3584901392459869,8f625000ca42af45709b4e887a429c93971443f30f2fbddbe07863342ca16d34,unverified_extrapolation,False,False,,,,,
2023-02-25,2023-03-04,U10,U10,S02001617,41,16.750418760469014,3.311469316482544,20.06188807695156,1309.9027099609375,36.19257736206055,2.831356384446675,37.29241976945645,-9.664174697706644,49.78795085160976,normal,0.3181084990501404,0.3234014213085174,0.3584901392459869,8f625000ca42af45709b4e887a429c93971443f30f2fbddbe07863342ca16d34,unverified_extrapolation,False,False,,,,,
2023-02-25,2023-03-04,U10,U10,S02001618,42,20.88118605136772,12.289731979370115,33.17091803073784,1402.8992919921875,37.455299377441406,15.339230103491744,51.00260595798393,2.4077439737310016,63.93409208774467,normal,0.3181084990501404,0.3234014213085174,0.3584901392459869,8f625000ca42af45709b4e887a429c93971443f30f2fbddbe07863342ca16d34,unverified_extrapolation,False,False,,,,,
2023-02-25,2023-03-04,U10,U10,S02001619,43,12.2684333210649,11.402790069580078,23.67122339064498,1164.3529052734375,34.12261199951172,7.426159608906698,39.916287172383264,-4.354714643412638,51.6971614247026,normal,0.3181084990501404,0.3234014213085174,0.3584901392459869,8f625000ca42af45709b4e887a429c93971443f30f2fbddbe07863342ca16d34,unverified_extrapolation,False,False,,,,,
2023-02-25,2023-03-04,U10,U10,S02001620,44,15.29987760097919,7.178610801696777,22.478488402675968,1450.8792724609375,38.09040832519531,4.344438033413272,40.61253877193866,-8.80632070987286,53.76329751522479,normal,0.3181084990501404,0.3234014213085174,0.3584901392459869,8f625000ca42af45709b4e887a429c93971443f30f2fbddbe07863342ca16d34,unverified_extrapolation,False,False,,,,,
2023-02-25,2023-03-04,U10,U10,S02001621,45,11.775788977861517,13.86971950531006,25.64550848317157,1309.3265380859375,36.18461608886719,8.41876669240009,42.87225027394306,-4.074015900373347,55.3650328667165,normal,0.3181084990501404,0.3234014213085174,0.3584901392459869,8f625000ca42af45709b4e887a429c93971443f30f2fbddbe07863342ca16d34,unverified_extrapolation,False,False,,,,,
2023-02-25,2023-03-04,U10,U10,S02001622,46,14.596409283316303,-2.898678779602051,11.697730503714252,2141.85986328125,46.28022766113281,-10.335321940743755,33.73078294817226,-26.31362585004551,49.70908685747402,normal,0.3181084990501404,0.3234014213085174,0.3584901392459869,8f625000ca42af45709b4e887a429c93971443f30f2fbddbe07863342ca16d34,unverified_extrapolation,False,False,,,,,
2023-02-25,2023-03-04,U10,U10,S02001623,47,32.48511099079588,-13.93148422241211,18.55362676838377,1546.6646728515625,39.32765579223633,-0.1694510056640794,37.27670454243162,-13.747371919360369,50.85462545612791,normal,0.3181084990501404,0.3234014213085174,0.3584901392459869,8f625000ca42af45709b4e887a429c93971443f30f2fbddbe07863342ca16d34,unverified_extrapolation,False,False,,,,,
2023-02-25,2023-03-04,U10,U10,S02001624,48,34.21142661648991,2.250800132751465,36.462226749241374,2081.634765625,45.62493515014648,14.741145969212075,58.18330752927067,-1.010917782008626,73.93537128049138,normal,0.3181084990501404,0.3234014213085174,0.3584901392459869,8f625000ca42af45709b4e887a429c93971443f30f2fbddbe07863342ca16d34,unverified_extrapolation,False,False,,,,,
2023-02-25,2023-03-04,U10,U10,S02001625,49,19.31620629708325,17.441303253173828,36.75750955025708,1791.5728759765625,42.32697677612305,16.606518110437747,56.90850099007642,1.993078550501224,71.52194055001294,normal,0.3181084990501404,0.3234014213085174,0.3584901392459869,8f625000ca42af45709b4e887a429c93971443f30f2fbddbe07863342ca16d34,unverified_extrapolation,False,False,,,,,
2023-02-25,2023-03-04,U10,U10,S02001626,50,19.338619222587507,12.09836769104004,31.436986913627543,1905.8284912109373,43.65579605102539,10.65337180132286,52.22060202593224,-4.418844232612688,67.29281805986778,normal,0.3181084990501404,0.3234014213085174,0.3584901392459869,8f625000ca42af45709b4e887a429c93971443f30f2fbddbe07863342ca16d34,unverified_extrapolation,False,False,,,,,
2023-02-25,2023-03-04,U10,U10,S02001627,51,16.636167027116954,24.65821647644043,41.29438350355738,2501.517578125,50.01517105102539,17.48320338881129,65.10556361830348,0.215404011369884,82.37336299574488,normal,0.3181084990501404,0.3234014213085174,0.3584901392459869,8f625000ca42af45709b4e887a429c93971443f30f2fbddbe07863342ca16d34,unverified_extrapolation,False,False,,,,,
2023-02-25,2023-03-04,U10,U10,S02001628,52,20.54653790836244,29.97046661376953,50.51700452213197,3064.285400390625,55.355987548828125,24.163172277258923,76.87083676700502,5.051451238440563,95.98255780582338,normal,0.3181084990501404,0.3234014213085174,0.3584901392459869,8f625000ca42af45709b4e887a429c93971443f30f2fbddbe07863342ca16d34,unverified_extrapolation,False,False,,,,,
2023-02-25,2023-03-04,U10,U10,S02001629,53,137.7410468319559,-91.79695129394533,45.9440955380106,4345.34619140625,65.91923522949219,14.561321184983257,77.32686989103794,-8.197372510085103,100.0855635861063,high,0.3181084990501404,0.3234014213085174,0.3584901392459869,8f625000ca42af45709b4e887a429c93971443f30f2fbddbe07863342ca16d34,unverified_extrapolation,False,False,,,,,
2023-02-25,2023-03-04,U10,U10,S02001630,54,21.70609941393532,13.2006196975708,34.90671911150612,2577.882080078125,50.77284622192383,10.734825038019792,59.07861318499245,-6.794559575017317,76.60799779802956,normal,0.3181084990501404,0.3234014213085174,0.3584901392459869,8f625000ca42af45709b4e887a429c93971443f30f2fbddbe07863342ca16d34,unverified_extrapolation,False,False,,,,,
2023-02-25,2023-03-04,U10,U10,S02001631,55,19.26040061633282,12.897174835205078,32.157575451537895,2234.4951171875,47.27044296264648,9.65310271899395,54.66204818408184,-6.667074359253121,70.98222526232891,normal,0.3181084990501404,0.3234014213085174,0.3584901392459869,8f625000ca42af45709b4e887a429c93971443f30f2fbddbe07863342ca16d34,unverified_extrapolation,False,False,,,,,
2023-02-25,2023-03-04,U10,U10,S02001632,56,22.46686137946529,10.366776466369627,32.833637845834915,2025.464599609375,45.00516128540039,11.407618177255811,54.259657514414016,-4.13046966759282,69.79774535926265,normal,0.3181084990501404,0.3234014213085174,0.3584901392459869,8f625000ca42af45709b4e887a429c93971443f30f2fbddbe07863342ca16d34,unverified_extrapolation,False,False,,,,,
2023-02-25,2023-03-04,U10,U10,S02001633,57,24.35460301997077,5.855634689331055,30.210237709301826,2171.815673828125,46.60274505615234,8.023641792553779,52.39683362604987,-8.06601122258294,68.48648664118659,normal,0.3181084990501404,0.3234014213085174,0.3584901392459869,8f625000ca42af45709b4e887a429c93971443f30f2fbddbe07863342ca16d34,unverified_extrapolation,False,False,,,,,
2023-02-25,2023-03-04,U10,U10,S02001634,58,39.8247710075667,-0.1165828704833984,39.708188137083305,2606.656494140625,51.05542755126953,15.401763042478812,64.0146132316878,-2.225184360475289,81.6415606346419,normal,0.3181084990501404,0.3234014213085174,0.3584901392459869,8f625000ca42af45709b4e887a429c93971443f30f2fbddbe07863342ca16d34,unverified_extrapolation,False,False,,,,,
2023-02-25,2023-03-04,U10,U10,S02001635,59,28.546959748786755,20.842893600463867,49.38985334925062,2307.796630859375,48.03953170776367,26.51923262171156,72.26047407678968,9.933527818244762,88.84617888025647,normal,0.3181084990501404,0.3234014213085174,0.3584901392459869,8f625000ca42af45709b4e887a429c93971443f30f2fbddbe07863342ca16d34,unverified_extrapolation,False,False,,,,,
2023-02-25,2023-03-04,U10,U10,S02001636,60,105.82010582010582,-63.406646728515625,42.4134590915902,3477.5283203125,58.9705696105957,14.338799744056018,70.48811843912438,-6.020859450890271,90.84777763407068,high,0.3181084990501404,0.3234014213085174,0.3584901392459869,8f625000ca42af45709b4e887a429c93971443f30f2fbddbe07863342ca16d34,unverified_extrapolation,False,False,,,,,
2023-02-25,2023-03-04,U10,U10,S02001637,61,28.20874471086037,18.72078323364257,46.92952794450295,2578.715576171875,50.78105163574219,22.753727621016623,71.10532826798928,5.221508687911154,88.63754720109475,normal,0.3181084990501404,0.3234014213085174,0.3584901392459869,8f625000ca42af45709b4e887a429c93971443f30f2fbddbe07863342ca16d34,unverified_extrapolation,False,False,,,,,
2023-02-25,2023-03-04,U10,U10,S02001638,62,23.06273062730628,18.81277084350586,41.87550147081214,2467.10107421875,49.669921875,18.228687124498663,65.52231581712562,1.0800874998648735,82.6709154417594,normal,0.3181084990501404,0.3234014213085174,0.3584901392459869,8f625000ca42af45709b4e887a429c93971443f30f2fbddbe07863342ca16d34,unverified_extrapolation,False,False,,,,,
2023-02-25,2023-03-04,U10,U10,S02001639,63,21.877050973528767,17.565040588378906,39.44209156190768,2300.4833984375,47.96335220336914,16.60773906862154,62.27644405519381,0.0483346954525956,78.83584842836275,normal,0.3181084990501404,0.3234014213085174,0.3584901392459869,8f625000ca42af45709b4e887a429c93971443f30f2fbddbe07863342ca16d34,unverified_extrapolation,False,False,,,,,
2023-02-25,2023-03-04,U10,U10,S02001640,64,21.13718030014796,20.18985939025879,41.32703969040675,1935.0751953125,43.9894905090332,20.38455960312648,62.26951977768702,5.197133989723156,77.45694539109034,normal,0.3181084990501404,0.3234014213085174,0.3584901392459869,8f625000ca42af45709b4e887a429c93971443f30f2fbddbe07863342ca16d34,unverified_extrapolation,False,False,,,,,
2023-02-25,2023-03-04,U10,U10,S02001641,65,18.331805682859763,11.11801528930664,29.449820972166403,1861.6654052734373,43.14701843261719,8.90842387743984,49.99121806689297,-5.988136791505472,64.88777873583828,normal,0.3181084990501404,0.3234014213085174,0.3584901392459869,8f625000ca42af45709b4e887a429c93971443f30f2fbddbe07863342ca16d34,unverified_extrapolation,False,False,,,,,
2023-02-25,2023-03-04,U10,U10,S02001642,66,54.005400540054005,-19.057737350463867,34.94766318959014,2467.206787109375,49.67098236083984,11.300343395888966,58.59498298329131,-5.848624347030956,75.74395072621124,normal,0.3181084990501404,0.3234014213085174,0.3584901392459869,8f625000ca42af45709b4e887a429c93971443f30f2fbddbe07863342ca16d34,unverified_extrapolation,False,False,,,,,
2023-02-25,2023-03-04,U10,U10,S02001643,67,52.594670406732114,-22.59496688842773,29.99970351830438,2230.622314453125,47.22946166992188,7.514741054925473,52.484665981683285,-8.791289218512027,68.79069625512079,normal,0.3181084990501404,0.3234014213085174,0.3584901392459869,8f625000ca42af45709b4e887a429c93971443f30f2fbddbe07863342ca16d34,unverified_extrapolation,False,False,,,,,
2023-02-25,2023-03-04,U10,U10,S02001644,68,18.254837531945967,14.999086380004885,33.25392391195085,1695.5484619140625,41.17703628540039,13.65039493551042,52.85745288839128,-0.5660261918089162,67.07387401571062,normal,0.3181084990501404,0.3234014213085174,0.3584901392459869,8f625000ca42af45709b4e887a429c93971443f30f2fbddbe07863342ca16d34,unverified_extrapolation,False,False,,,,,
2023-02-25,2023-03-04,U10,U10,S02001645,69,25.81311306143521,9.090457916259766,34.903570977694976,1893.6466064453125,43.51604843139648,14.18648609305142,55.62065586233853,-0.8374797425198679,70.64462169790983,normal,0.3181084990501404,0.3234014213085174,0.3584901392459869,8f625000ca42af45709b4e887a429c93971443f30f2fbddbe07863342ca16d34,unverified_extrapolation,False,False,,,,,
2023-02-25,2023-03-04,U10,U10,S02001646,70,28.31257078142696,11.653847694396973,39.96641847582393,1880.6632080078125,43.36661148071289,19.32047769518428,60.61235925646358,4.348101825433304,75.58473512621455,normal,0.3181084990501404,0.3234014213085174,0.3584901392459869,8f625000ca42af45709b4e887a429c93971443f30f2fbddbe07863342ca16d34,unverified_extrapolation,False,False,,,,,
2023-02-25,2023-03-04,U10,U10,S02001647,71,16.54807214959457,14.694585800170898,31.24265794976547,1543.6300048828125,39.289058685302734,12.537955572446132,49.94736032708481,-1.0266406037013276,63.51195650323227,normal,0.3181084990501404,0.3234014213085174,0.3584901392459869,8f625000ca42af45709b4e887a429c93971443f30f2fbddbe07863342ca16d34,unverified_extrapolation,False,False,,,,,
2023-02-25,2023-03-04,U10,U10,S02001648,72,28.10567734682406,12.364609718322754,40.47028706514681,1928.42724609375,43.91386032104492,19.56381390535677,61.37676022493685,4.402499894736657,76.53807423555696,normal,0.3181084990501404,0.3234014213085174,0.3584901392459869,8f625000ca42af45709b4e887a429c93971443f30f2fbddbe07863342ca16d34,unverified_extrapolation,False,False,,,,,
2023-02-25,2023-03-04,U10,U10,S02001649,73,25.278058645096056,7.081519603729248,32.3595782488253,1806.15087890625,42.49883270263672,12.12676918205284,52.59238731559776,-2.546004179153215,67.26516067680382,normal,0.3181084990501404,0.3234014213085174,0.3584901392459869,8f625000ca42af45709b4e887a429c93971443f30f2fbddbe07863342ca16d34,unverified_extrapolation,False,False,,,,,
2023-02-25,2023-03-04,U10,U10,S02001650,74,26.048450117218025,1.3977882862091064,27.44623840342713,1854.2794189453125,43.06134414672852,6.945629959213264,47.946846847641,-7.92134963978576,62.81382644664002,normal,0.3181084990501404,0.3234014213085174,0.3584901392459869,8f625000ca42af45709b4e887a429c93971443f30f2fbddbe07863342ca16d34,unverified_extrapolation,False,False,,,,,
2023-02-25,2023-03-04,U10,U10,S02001651,75,20.968756552736423,7.15267276763916,28.121429320375583,2007.150390625,44.801231384277344,6.792495604555271,49.450363036195895,-8.675182465513089,64.91804110626425,normal,0.3181084990501404,0.3234014213085174,0.3584901392459869,8f625000ca42af45709b4e887a429c93971443f30f2fbddbe07863342ca16d34,unverified_extrapolation,False,False,,,,,
2023-02-25,2023-03-04,U10,U10,S02001652,76,25.56237218813906,-2.0724844932556152,23.489887694883446,1805.6173095703125,42.4925537109375,3.2600674434186026,43.71970794634829,-11.410537262391944,58.39031265215884,normal,0.3181084990501404,0.3234014213085174,0.3584901392459869,8f625000ca42af45709b4e887a429c93971443f30f2fbddbe07863342ca16d34,unverified_extrapolation,False,False,,,,,
2023-02-25,2023-03-04,U10,U10,S02001653,77,22.507314877335133,10.846911430358888,33.35422630769402,1839.2889404296875,42.88693237304688,12.93665047151238,53.77180214387566,-1.8701122238001204,68.57856483918816,normal,0.3181084990501404,0.3234014213085174,0.3584901392459869,8f625000ca42af45709b4e887a429c93971443f30f2fbddbe07863342ca16d34,unverified_extrapolation,False,False,,,,,
2023-02-25,2023-03-04,U10,U10,S02001654,78,19.90445859872612,14.110189437866213,34.014648036592334,1818.8865966796875,42.64840698242188,13.710630015962453,54.31866605722222,-1.0137829021283693,69.04307897531304,normal,0.3181084990501404,0.3234014213085174,0.3584901392459869,8f625000ca42af45709b4e887a429c93971443f30f2fbddbe07863342ca16d34,unverified_extrapolation,False,False,,,,,
2023-02-25,2023-03-04,U10,U10,S02001655,79,36.24501631025734,-3.2318570613861084,33.01315924887123,1793.6053466796875,42.35097503662109,12.85074279074135,53.17557570700112,-1.7709822916561109,67.79730078939858,normal,0.3181084990501404,0.3234014213085174,0.3584901392459869,8f625000ca42af45709b4e887a429c93971443f30f2fbddbe07863342ca16d34,unverified_extrapolation,False,False,,,,,
2023-02-25,2023-03-04,U10,U10,S02001656,80,29.96703626011388,-4.309491157531738,25.65754510258214,1606.3651123046875,40.07948684692383,6.576536191449328,44.73855401371495,-7.260953890337781,58.57604409550206,normal,0.3181084990501404,0.3234014213085174,0.3584901392459869,8f625000ca42af45709b4e887a429c93971443f30f2fbddbe07863342ca16d34,unverified_extrapolation,False,False,,,,,
2023-02-25,2023-03-04,U10,U10,S02001657,81,31.113876789047914,-0.6648363471031189,30.4490404419448,1854.47802734375,43.06364822387695,9.94733527226706,50.95074561162253,-4.920443505809111,65.8185243896987,normal,0.3181084990501404,0.3234014213085174,0.3584901392459869,8f625000ca42af45709b4e887a429c93971443f30f2fbddbe07863342ca16d34,unverified_extrapolation,False,False,,,,,
2023-02-25,2023-03-04,U10,U10,S02001658,82,17.42767514813524,2.24032998085022,19.66800512898546,1499.8433837890625,38.72780990600586,1.230501314288194,38.10550894368272,-12.140321592205948,51.47633185017686,normal,0.3181084990501404,0.3234014213085174,0.3584901392459869,8f625000ca42af45709b4e887a429c93971443f30f2fbddbe07863342ca16d34,unverified_extrapolation,False,False,,,,,
2023-02-25,2023-03-04,U10,U10,S02001659,83,23.57934449422306,4.629997730255127,28.20934222447819,1823.6165771484373,42.70382308959961,7.878941757559243,48.53974269139714,-6.864605682015952,63.28329013097233,normal,0.3181084990501404,0.3234014213085174,0.3584901392459869,8f625000ca42af45709b4e887a429c93971443f30f2fbddbe07863342ca16d34,unverified_extrapolation,False,False,,,,,
2023-02-25,2023-03-04,U10,U10,S02001660,84,14.182385477237272,5.815047264099121,19.9974327413364,1604.31787109375,40.05393600463867,0.9285888997836588,39.06627658288913,-12.900081601925326,52.89494708459812,normal,0.3181084990501404,0.3234014213085174,0.3584901392459869,8f625000ca42af45709b4e887a429c93971443f30f2fbddbe07863342ca16d34,unverified_extrapolation,False,False,,,,,
2023-02-25,2023-03-04,U10,U10,S02001661,85,22.670596236681025,0.907426655292511,23.578022891973536,1725.9859619140625,41.54498672485352,3.799321109746973,43.356724674200095,-10.544135158563574,57.70018094251064,normal,0.3181084990501404,0.3234014213085174,0.3584901392459869,8f625000ca42af45709b4e887a429c93971443f30f2fbddbe07863342ca16d34,unverified_extrapolation,False,False,,,,,
2023-02-25,2023-03-04,U10,U10,S02001662,86,22.381378692927484,0.8204527497291565,23.20183144265664,1866.8621826171875,43.20719909667969,2.631784064116601,43.77187882119668,-12.285553353485938,58.68921623879922,normal,0.3181084990501404,0.3234014213085174,0.3584901392459869,8f625000ca42af45709b4e887a429c93971443f30f2fbddbe07863342ca16d34,unverified_extrapolation,False,False,,,,,
2023-02-25,2023-03-04,U10,U10,S02001663,87,63.07821698906645,-33.65381622314453,29.42440076592192,2439.597412109375,49.39228057861328,5.909765679862346,52.93903585198149,-11.142978231880818,69.99177976372465,normal,0.3181084990501404,0.3234014213085174,0.3584901392459869,8f625000ca42af45709b4e887a429c93971443f30f2fbddbe07863342ca16d34,unverified_extrapolation,False,False,,,,,
2023-02-25,2023-03-04,U10,U10,S02001664,88,16.70843776106934,6.042018890380859,22.7504566514502,1869.9490966796875,43.2429084777832,2.163409074545904,43.3375042283545,-12.766255537270505,58.2671688401709,normal,0.3181084990501404,0.3234014213085174,0.3584901392459869,8f625000ca42af45709b4e887a429c93971443f30f2fbddbe07863342ca16d34,unverified_extrapolation,False,False,,,,,
2023-02-25,2023-03-04,U10,U10,S02001665,89,20.563438206868188,17.438156127929688,38.00159433479787,2357.10400390625,48.55001449584961,14.887943059163106,61.11524561043264,-1.8740083873700968,77.87719705696584,normal,0.3181084990501404,0.3234014213085174,0.3584901392459869,8f625000ca42af45709b4e887a429c93971443f30f2fbddbe07863342ca16d34,unverified_extrapolation,False,False,,,,,
2023-02-25,2023-03-04,U10,U10,S02001666,90,18.51508979818552,26.63182640075684,45.14691619894236,2345.023681640625,48.42544555664063,22.09257011434763,68.20126228353709,5.373627472135716,84.920204925749,normal,0.3181084990501404,0.3234014213085174,0.3584901392459869,8f625000ca42af45709b4e887a429c93971443f30f2fbddbe07863342ca16d34,unverified_extrapolation,False,False,,,,,
2023-02-25,2023-03-04,U10,U10,S02001667,91,17.41553465691397,18.989614486694336,36.40514914360831,2226.514404296875,47.18595504760742,13.94089857903311,58.8693997081835,-2.350107509223726,75.16040579644033,normal,0.3181084990501404,0.3234014213085174,0.3584901392459869,8f625000ca42af45709b4e887a429c93971443f30f2fbddbe07863342ca16d34,unverified_extrapolation,False,False,,,,,
2023-02-25,2023-03-04,U10,U10,S02001668,92,33.47840642785403,15.95209503173828,49.43050145959232,3810.066162109375,61.725730895996094,20.04416608666751,78.81683683251711,-1.2667145743432329,100.12771749352784,high,0.3181084990501404,0.3234014213085174,0.3584901392459869,8f625000ca42af45709b4e887a429c93971443f30f2fbddbe07863342ca16d34,unverified_extrapolation,False,False,,,,,
2023-02-25,2023-03-04,U10,U10,S02001669,93,24.195499637067503,13.572629928588867,37.768129565656366,2560.17822265625,50.59820175170898,13.6793806337716,61.85687849754113,-3.78970887428504,79.32596800559777,normal,0.3181084990501404,0.3234014213085174,0.3584901392459869,8f625000ca42af45709b4e887a429c93971443f30f2fbddbe07863342ca16d34,unverified_extrapolation,False,False,,,,,
2023-02-25,2023-03-04,U10,U10,S02001670,94,69.70260223048327,-27.943941116333008,41.75866111415026,3653.455078125,60.44381713867188,12.982618175917835,70.53470405238268,-7.885683215683727,91.40300544398424,high,0.3181084990501404,0.3234014213085174,0.3584901392459869,8f625000ca42af45709b4e887a429c93971443f30f2fbddbe07863342ca16d34,unverified_extrapolation,False,False,,,,,
2023-02-25,2023-03-04,U10,U10,S02001671,95,16.49348507339601,25.363296508789062,41.85678158218507,2633.397216796875,51.31663513183594,17.42600117141847,66.28756199295168,-0.2911294895922722,84.00469265396242,normal,0.3181084990501404,0.3234014213085174,0.3584901392459869,8f625000ca42af45709b4e887a429c93971443f30f2fbddbe07863342ca16d34,unverified_extrapolation,False,False,,,,,
2023-02-25,2023-03-04,U10,U10,S02001672,96,22.13858755811379,5.41211462020874,27.55070217832253,2415.886962890625,49.15167236328125,4.150614821755148,50.95078953488992,-12.819060242331766,67.92046459897682,normal,0.3181084990501404,0.3234014213085174,0.3584901392459869,8f625000ca42af45709b4e887a429c93971443f30f2fbddbe07863342ca16d34,unverified_extrapolation,False,False,,,,,
2023-02-25,2023-03-04,U10,U10,S02001673,97,36.127167630057805,0.8103626370429993,36.9375302671008,2863.023681640625,53.50722885131836,11.46385358558225,62.41120694861936,-7.009582770008571,80.88464330421019,normal,0.3181084990501404,0.3234014213085174,0.3584901392459869,8f625000ca42af45709b4e887a429c93971443f30f2fbddbe07863342ca16d34,unverified_extrapolation,False,False,,,,,
2023-02-25,2023-03-04,U10,U10,S02001674,98,24.962556165751376,0.5701608061790466,25.532716971930423,2147.62060546875,46.34242630004883,3.470052939948001,47.59538100391285,-12.529725807610593,63.59515975147144,normal,0.3181084990501404,0.3234014213085174,0.3584901392459869,8f625000ca42af45709b4e887a429c93971443f30f2fbddbe07863342ca16d34,unverified_extrapolation,False,False,,,,,
2023-02-25,2023-03-04,U10,U10,S02001675,99,16.105653084232568,20.24406814575196,36.349721229984524,2037.0028076171875,45.1331672668457,14.86275986523843,57.83668259473062,-0.7195193400838349,73.41896180005288,normal,0.3181084990501404,0.3234014213085174,0.3584901392459869,8f625000ca42af45709b4e887a429c93971443f30f2fbddbe07863342ca16d34,unverified_extrapolation,False,False,,,,,
2023-02-25,2023-03-04,U10,U10,S02001676,100,22.696323195642307,5.177602767944336,27.873925963586643,2368.955322265625,48.671913146972656,4.7022416984499245,51.04561022872336,-12.101793488317654,67.84964541549094,normal,0.3181084990501404,0.3234014213085174,0.3584901392459869,8f625000ca42af45709b4e887a429c93971443f30f2fbddbe07863342ca16d34,unverified_extrapolation,False,False,,,,,
2023-02-25,2023-03-04,U10,U10,S02001677,101,18.939393939393938,8.20781421661377,27.147208156007707,2078.46435546875,45.590179443359375,5.442673625368059,48.85174268664736,-10.29739099560362,64.59180730761904,normal,0.3181084990501404,0.3234014213085174,0.3584901392459869,8f625000ca42af45709b4e887a429c93971443f30f2fbddbe07863342ca16d34,unverified_extrapolation,False,False,,,,,
2023-02-25,2023-03-04,U10,U10,S02001678,102,26.00780234070221,10.746478080749512,36.754280421451725,2569.383056640625,50.68907928466797,12.62226519318024,60.88629564972321,-4.878200199886166,78.38676104278962,normal,0.3181084990501404,0.3234014213085174,0.3584901392459869,8f625000ca42af45709b4e887a429c93971443f30f2fbddbe07863342ca16d34,unverified_extrapolation,False,False,,,,,
2023-02-25,2023-03-04,U10,U10,S02001679,103,17.822135091783995,12.19517707824707,30.017312170031065,2028.1373291015625,45.03484725952149,8.577159048082823,51.4574652919793,-6.971175073621279,67.0057994136834,normal,0.3181084990501404,0.3234014213085174,0.3584901392459869,8f625000ca42af45709b4e887a429c93971443f30f2fbddbe07863342ca16d34,unverified_extrapolation,False,False,,,,,
2023-02-25,2023-03-04,U10,U10,S02001680,104,36.60322108345535,0.3505633473396301,36.95378443079498,2563.962158203125,50.63557815551758,12.847239936166076,61.06032892542389,-4.634754692740174,78.54232355433014,normal,0.3181084990501404,0.3234014213085174,0.3584901392459869,8f625000ca42af45709b4e887a429c93971443f30f2fbddbe07863342ca16d34,unverified_extrapolation,False,False,,,,,
2023-02-25,2023-03-04,U10,U10,S02001681,105,21.791239921551536,11.506091117858888,33.29733103941042,2105.0634765625,45.8809700012207,11.454357330303978,55.14030474851687,-4.386102493304421,70.98076457212527,normal,0.3181084990501404,0.3234014213085174,0.3584901392459869,8f625000ca42af45709b4e887a429c93971443f30f2fbddbe07863342ca16d34,unverified_extrapolation,False,False,,,,,
2023-02-25,2023-03-04,U10,U10,S02001682,106,19.798059790140567,10.36279010772705,30.160849897867617,2731.150146484375,52.26040649414063,5.280759184366641,55.0409406113686,-12.762207658284726,73.08390745401996,normal,0.3181084990501404,0.3234014213085174,0.3584901392459869,8f625000ca42af45709b4e887a429c93971443f30f2fbddbe07863342ca16d34,unverified_extrapolation,False,False,,,,,
2023-02-25,2023-03-04,U10,U10,S02001683,107,27.75464890369137,-5.541463375091553,22.213185528599816,2487.66845703125,49.87653350830078,-1.5319926940564343,45.95836375125607,-18.75192525020877,63.17829630740841,normal,0.3181084990501404,0.3234014213085174,0.3584901392459869,8f625000ca42af45709b4e887a429c93971443f30f2fbddbe07863342ca16d34,unverified_extrapolation,False,False,,,,,
2023-02-25,2023-03-04,U10,U10,S02001684,108,11.60092807424594,17.055845260620117,28.65677333486606,2223.295654296875,47.15183639526367,6.208765751247896,51.104780918484224,-10.07046055185269,67.38400722158481,normal,0.3181084990501404,0.3234014213085174,0.3584901392459869,8f625000ca42af45709b4e887a429c93971443f30f2fbddbe07863342ca16d34,unverified_extrapolation,False,False,,,,,
2023-02-25,2023-03-04,U10,U10,S02001685,109,19.96406468356957,2.1192121505737305,22.0832768341433,1579.9927978515625,39.749122619628906,3.159547891272208,41.0070057770144,-10.56388655696998,54.73044022525659,normal,0.3181084990501404,0.3234014213085174,0.3584901392459869,8f625000ca42af45709b4e887a429c93971443f30f2fbddbe07863342ca16d34,unverified_extrapolation,False,False,,,,,
2023-02-25,2023-03-04,U10,U10,S02001686,110,25.70033410434336,-3.5910956859588623,22.109238418384496,1733.5660400390625,41.636112213134766,2.2871520841559807,41.93132475261301,-12.087763992504176,56.306240829273165,normal,0.3181084990501404,0.3234014213085174,0.3584901392459869,8f625000ca42af45709b4e887a429c93971443f30f2fbddbe07863342ca16d34,unverified_extrapolation,False,False,,,,,
